公司-全国,电话号,所在地,在售车型数量
西安盛涛汽车销售有限公司,18811135585,天津市,116
上海昶铭汽车销售有限公司,13774332914,天津市,70
武汉亿隆车汽车销售服务有限公司,15044402555,天津市,113
长沙宝之杰汽车销售服务有限公司,15308499936,天津市,88
广州龙粤行汽车发展有限公司,020-36772268,天津市,63
武汉崇文之星汽车商贸有限公司,13638643434,天津市,91
深圳市荣轩汽车销售服务有限公司,15118169695,天津市,112
重庆车天车地汽车销售有限公司,18696753912,天津市,139
邯郸市腾耀汽车贸易有限公司,13191718780,天津市,103
骑之翼（天津）国际贸易有限公司,15302111069,天津市,80
东莞盛凯汽车服务有限公司,13622620039,天津市,126
武汉名车汇集汽车销售服务有限公司,027-82221887,天津市,97
上海万玺汽车贸易有限公司,17031640126,天津市,72
上海奥莱汽车销售有限公司,17031578932,天津市,104
天津宏越汽车贸易有限公司,15620709591,天津市,84
北京豪车之家汽车销售有限公司,17600072123,天津市,65
中航兰田汽车销售服务（上海）有限公司,16509214940,天津市,61
云南小豆汽车销售服务有限公司,13388845698,天津市,108
深圳市泓泰行汽车销售服务有限公司,18665339799,天津市,44
天津展鹏腾达商贸有限公司,18622130990,天津市,61
湖南超驰汽车贸易有限公司,15974124351,厦门市,66
上海万卓之捷汽车销售服务有限公司,17031578930,厦门市,86
 天津世纪天成国际贸易有限公司,13194627110,厦门市,80
上海欧萌星锴汽车销售有限公司,4008259960,厦门市,55
上海耀隆汽车服务有限公司,17031555340,厦门市,100
北京华宇润通汽车销售有限公司,13011213265,厦门市,105
湖南中恒行汽车销售服务有限公司,13357211555,厦门市,99
天津华速盛唐国际贸易有限公司,15900231203,厦门市,87
合肥庄盟汽车贸易有限公司,17185557777,厦门市,92
天津狮王国际贸易有限公司,15122896908,厦门市,72
上海泽进汽车销售有限公司,021-69750020,厦门市,65
青岛英珀汽车销售有限公司,4001616911,厦门市,66
上海中美仕家汽车贸易有限公司,17031578929,厦门市,86
上海万卓之捷汽车销售服务有限公司,17031578921,厦门市,71
天津腾柏汽车贸易有限公司,15332174999,厦门市,62
武汉市汇聚金桥汽车销售有限公司,027-82777787,厦门市,61
深圳市百马汇汽车销售服务有限公司,13302468091,厦门市,98
天津宏越汽车贸易有限公司,17627885113,厦门市,59
沧州奥昌汽车销售有限公司,17725575213,厦门市,97
上车（厦门）汽车销售有限公司,17605928951,厦门市,98
重庆中车庆红贸易有限公司,16512583364,深圳市,64
深圳市鑫飞驰汽车销售有限公司,13923816855,深圳市,114
天津展鹏腾达商贸有限公司,13001300353,深圳市,47
天津世纪天成国际贸易有限公司,18744260108,深圳市,82
天津宏越汽车贸易有限公司,15122217123,深圳市,78
天津佰顺行汽车销售有限公司,15522536551,深圳市,70
上海叶隆之尊汽车销售服务有限公司,17031578925,深圳市,74
天津长忆达国际贸易有限公司,18910238416,深圳市,75
上海万途汽车贸易有限公司,17031540393,深圳市,77
武汉汉申合汽车贸易有限公司,18171156309,深圳市,75
建发汽车生活馆,18659235863,深圳市,107
湖南易起行汽车销售服务有限公司,19119296525,深圳市,72
聚仁慧盈汽车销售（保定）有限公司,17171111973,深圳市,133
苏州亿泰汽车销售服务有限公司,15102111249,深圳市,87
深圳市鸿叶汽车贸易有限公司,13717095883,深圳市,109
西安正乙汽车贸易有限公司,029-85798353,深圳市,102
天津展鹏腾达商贸有限公司,18920529175,深圳市,56
深圳市易车会汽车销售服务有限公司,18148524991,深圳市,91
上海州陆汽车销售有限公司,18616282892,深圳市,84
深圳市前海广源行汽车销售服务有限公司,13798400797,深圳市,61
无锡市宝龙汽车销售有限公司,15906195189,天津市,113
深圳宝之杰汽车销售服务有限公司,15388068882,天津市,40
成都技嘉嘉美汽车销售服务有限公司,18782448183,天津市,47
东莞市车行天下汽车销售服务有限公司,13112880460,天津市,93
天津宏越汽车贸易有限公司,17695749777,天津市,76
天津佰顺行汽车销售有限公司,13682087909,天津市,77
广州利成汽车销售服务有限公司,13711503508,天津市,95
重庆星浪汽车信息咨询有限公司,18502380823,天津市,56
安徽风舵汽车销售服务有限公司,13966663310,天津市,134
武汉昊瑞汽车贸易有限公司,13971242006,天津市,133
天津展鹏腾达商贸有限公司,13920851917,天津市,64
深圳市百慕达汽车销售有限公司,13421302368,天津市,56
福建好车集采贸易有限公司,18359252889,天津市,114
深圳市彩田众兴行汽车销售服务有限公司,15019245249,天津市,124
深圳市大昌宝达汽车销售服务有限公司,13925259181,天津市,79
长沙尚之来汽车贸易有限公司,18163685275,天津市,119
成都众汇兴蓉汽车服务有限公司,15202811278,天津市,102
天津世纪天成国际贸易有限公司,15822667916,天津市,79
河北祥辉汽车贸易有限公司,17733897879,天津市,121
天津旭日国际贸易有限公司,13032229057,天津市,76
北京润星行汽车销售服务有限公司,18701566306,惠州市,66
天津金甲汽车销售有限公司,17612215267,惠州市,70
东莞市贵彬汽车贸易有限公司,18688614807,惠州市,118
陕西天宝轩汽车销售服务有限公司,13028597376,惠州市,104
天津旭日国际贸易有限公司,13072225444,惠州市,85
深圳市德商名车销售有限公司,13823149534,惠州市,96
重庆新七星汽车信息咨询服务有限公司,18623301910,惠州市,111
上海卓诚汽车销售有限公司  ,021-39525556,惠州市,115
广州马奥汽车贸易有限公司,13022023825,惠州市,151
重庆中星汽车贸易有限公司,17723082592,惠州市,82
重庆吉鼎汽车销售有限公司,15803068377,惠州市,77
广州宝汇行汽车销售服务有限公司,18613110893,惠州市,15
深圳市前海汇龙汽车贸易有限公司,15915478667,惠州市,71
深圳大路汽车销售服务有限公司,16620791466,惠州市,83
广州中创汽车销售服务有限公司,15992469639,惠州市,0
深圳淘车汽车服务有限公司2,15818609830,惠州市,65
深圳市前海质信名车贸易有限公司,13670223360,惠州市,70
哈尔滨宝诚汽车销售服务有限公司,045158606789,惠州市,9
厦门利君行汽车销售服务有限公司,18059871567,惠州市,79
淘车宝贝（惠州）汽车服务有限公司,13823156766,惠州市,109
珠海锦泰宝汇汽车销售服务有限公司,0756-8503366,深圳市,23
嘉善捷通汽车销售服务有限公司,13486314127,深圳市,66
呼和浩特市皓德宝汽车销售服务有限公司,0471-3367000,深圳市,23
杭州宝驿汽车销售服务有限公司,18626883351,深圳市,32
广西道之航汽车销售有限公司,13607872518,深圳市,120
湖北泰欣汽车销售服务有限公司,18186960661,深圳市,117
珠海锦泰宝汇汽车销售服务有限公司,0756-8503366,深圳市,23
深圳宝泽汽车销售服务有限公司龙华店,0755-25278886,深圳市,9
济宁市腾驰商贸有限公司,17753701010,深圳市,43
深圳市宝诚宝马龙华网销中心,0755-81796881,深圳市,42
盐城宝韵汽车销售有限公司,0515-88667589,深圳市,40
廉江市御龙汽车销售服务有限公司,0759-6888788,深圳市,32
深圳市铭杰汽车销售有限公司,0755-85222478,深圳市,32
深圳市恒立汽车贸易有限公司,0755-84825159,深圳市,27
新如(深圳)汽车销售服务有限公司,0755-89911299/89911339,深圳市,29
深圳市利星汽车销售服务有限公司,0755-22218818,深圳市,29
东莞市汇一汽车销售有限公司,0769-81372989,深圳市,32
东莞市车品味汽车贸易有限公司,0769-82017399,深圳市,32
深圳市志诚达汽车销售服务有限公司,0755-36920023,深圳市,40
深圳市前海沃迪汽车进出口有限公司,0755-28684320,深圳市,20
深圳市长河汽车贸易有限公司,18320881002,合肥市,17
菏泽乾宝汽车销售服务有限公司,03506331777,合肥市,23
东莞市星辉行汽车销售服务有限公司,0769-82283066,合肥市,43
深圳宝泰行汽车销售服务有限公司,0755-22238940,合肥市,32
深圳和昌汽车销售服务有限公司（新桥分公司）,17786776591,合肥市,29
深圳市前海质信名车销售有限公司,13728992896,合肥市,29
前海鸿鼎（深圳）汽车贸易服务有限公司,13242968845,合肥市,33
深圳和意汽车销售服务有限公司,0755-22302549,合肥市,9
深圳市奥胜汽车销售服务有限公司,0755-28169123,合肥市,43
深圳宝源行汽车销售服务有限公司,0755-82752222,合肥市,23
兰州新丰泰华宝汽车销售服务有限公司,0931-2371111,合肥市,23
漯河漯德宝汽车销售服务有限公司,0395-2986666,合肥市,32
北京美宝行汽车销售服务有限公司,010-60496777,合肥市,32
深圳市南方龙胜汽车贸易有限公司,0755-89381998,合肥市,27
深圳市易车族汽车销售有限公司,,合肥市,25
深圳市鹏鑫盛汽车销售服务有限公司松岗分公司,0755-27060937,合肥市,25
盘锦华宝汽车销售服务有限公司,0427-2666001,合肥市,32
深圳市鹏汇汽车销售有限公司坑梓分公司,,合肥市,25
深圳凤阳汽车销售服务有限公司,18790566660,合肥市,17
合肥众国宝泓汽车销售服务有限公司,0551-66112888,合肥市,23
深圳华顺宝汽车销售服务有限公司,0755-22238881,遵义市,32
厦门星德宝汽车贸易有限公司,0592-3208888,遵义市,23
成都宝源行汽车销售服务有限公司,028-88556699,遵义市,32
成都捷讯汽车销售有限公司,18780114831,遵义市,113
武汉宝泽行汽车维修服务有限公司,027-59502222,遵义市,32
广州宝泰行汽车销售服务有限公司,020-31199118,遵义市,32
武汉中达江宝南湖汽车销售服务有限公司,027-59271111,遵义市,32
广州君宝汽车销售服务有限公司,020-86196888,遵义市,32
广东南方宝诚汽车销售服务有限公司,020-89008999,遵义市,23
北京宝晋行汽车销售服务有限公司,010-81912777,遵义市,23
合肥宝泓汽车销售服务有限公司,0551-62263333,遵义市,23
广元得孚宝汽车销售服务有限公司,0839-8737555,遵义市,32
北京晨德宝汽车销售服务有限公司,010-84795222,遵义市,32
孝感恒信宝汽车销售服务有限公司,0712-2618666,遵义市,32
郑州恒信宝汽车销售服务有限公司,0371-55350077,遵义市,32
郑州市郑宝行汽车销售服务有限公司,0371-65058888,遵义市,32
郑州华德宝汽车销售服务有限公司,0371-55576666,遵义市,23
新郑中升汇宝汽车销售服务有限公司,0371-55885888,遵义市,32
郑州宝莲祥汽车销售服务有限公司,0371-56991111,遵义市,32
遵义宝源汽车销售服务有限公司,0851-23299888,遵义市,38
遵义宝源汽车销售服务有限公司汇川区分公司,0851-28986911,永州市,38
驻马店市驿宝行汽车销售服务有限公司,0396-3819995,永州市,23
张掖金裕宝汽车销售服务有限公司,0936-8566060,永州市,23
淄博博宝行汽车销售服务有限公司,0533-7909000,永州市,32
周口周德宝汽车销售服务有限公司,0394-8711222,永州市,32
淄博宝通汽车销售服务有限公司,0533-2075777,永州市,26
舟山宝驿汽车销售服务有限公司,0580-6988888,永州市,23
张家口轩之宝汽车销售服务有限公司,0313-4115858,永州市,23
银川宝辰行汽车销售服务有限公司,0951-8958111,永州市,23
盐城宝景汽车销售服务有限公司,0515-88695888,永州市,23
盐城宝诚汽车销售服务有限公司,0515-88151678,永州市,23
烟台中达翔宝汽车销售服务有限公司,0535-6013000,永州市,32
烟台宝信汽车销售服务有限公司,0535-6863333,永州市,32
陕西榆林金麒宝汽车销售服务有限公司,0912-3512222,永州市,32
延安金华宝汽车销售服务有限公司,0911-8875777,永州市,23
宜宾宝远汽车销售服务有限公司,0831-7183333,永州市,23
玉林广之宝汽车销售服务有限公司,0775-3829888,永州市,23
益阳力天宝汽车销售服务有限公司,0737-6698888,永州市,23
岳阳市美宝行汽车销售服务有限公司,0730-8888866,永州市,23
永州美宝行汽车销售服务有限公司,0746-6776777,永州市,23
阳江美宝行汽车销售服务有限公司,0662-6626777,邢台市,32
宜春宝泽汽车销售服务有限公司,0795-3935666,邢台市,23
延吉中顺宝汽车销售服务有限公司,0433-8338777,邢台市,23
营口燕德宝汽车销售服务有限公司,0417-3259999,邢台市,23
运城市宝诚汽车销售服务有限公司,0359-2486789,邢台市,23
咸宁恒信宝汽车销售服务有限公司,0715-8518999,邢台市,32
西安金花宝鼎汽车销售服务有限公司,029-68918818,邢台市,23
西安运通博宝汽车销售服务有限公司,029-68767777,邢台市,23
西安中升之宝汽车销售服务有限公司,029-88176666,邢台市,32
西安顺宝行汽车销售服务有限公司,029-65659999,邢台市,23
厦门威士宝汽车销售服务有限公司,010-2335333,邢台市,23
厦门中宝汽车有限公司,0592-6053888,邢台市,32
西宁金岛新宝行汽车销售服务有限公司,0971-2212999,邢台市,26
咸阳宝源汽车销售服务有限公司,029-33125111,邢台市,23
襄阳恒信宝汽车销售服务有限公司,0710-2695555,邢台市,23
徐州宝景润宝汽车销售服务有限公司,0516-69850213,邢台市,23
信阳宝莲常汽车销售服务有限公司,0376-3821111,邢台市,32
徐州宝尊汽车销售服务有限公司,0516-69851888,邢台市,32
宣城宝利丰汽车销售服务有限公司,0563-3267667,邢台市,23
邢台宝鹏汽车销售服务有限公司,0319-5251188,邢台市,23
武汉汉德宝汽车销售服务有限公司,027-59377777,泰州市,23
武汉运通益宝汽车销售服务有限公司,027-83232999,泰州市,32
武汉恒信之宝汽车销售服务有限公司,027-85869666,泰州市,32
乌鲁木齐万宝行汽车销售服务有限公司,0991-4698080,泰州市,32
乌鲁木齐汇顺宝汽车销售服务有限公司,0991-3925699,泰州市,32
江阴享悦宝诚汽车销售服务有限公司,0510-66288288,泰州市,23
潍坊乾宝行汽车销售服务有限公司,0536-3833666,泰州市,23
温州市好达机电有限公司,18157772903,泰州市,23
潍坊圣宝汽车销售服务有限公司,0536-8867777,泰州市,32
渭南市宗申宝泰汽车销售服务有限公司,0913-8135912,泰州市,23
威海宝通汽车销售服务有限公司,0631-5379111,泰州市,23
台州绿地宝仕汽车销售服务有限公司,0576-89688888,泰州市,32
台州宝驿汽车销售服务有限公司,0576-84208888,泰州市,32
玉环力宝行汽车销售服务有限公司,0576-89785555,泰州市,32
天津运通宝翔汽车销售服务有限公司,022-28579777,泰州市,32
天津荣宝行汽车销售服务有限公司,022-65177777,泰州市,32
太原驰宝汽车销售服务有限公司,0351-5612555,泰州市,32
泰州宝景汽车销售服务有限公司,0523-86586666,泰州市,32
唐山市浩丰宝汽车销售服务有限公司,0315-5163333,泰州市,23
靖江龙之宝汽车销售服务有限公司,0523-84593888,泰州市,32
铜仁通源宝源汽车销售服务有限公司,0856-5205522,绍兴市,23
铜陵宝景汽车销售服务有限公司,0562-6823666,绍兴市,23
深圳市宝创汽车贸易有限公司南山分公司,0755-26463388,绍兴市,32
内江祥孚宝汽车销售服务有限公司,0832-2277788,绍兴市,32
汕头市宝泽汽车销售服务有限公司,0754-88883368,绍兴市,23
遂宁长宝汽车销售服务有限公司,0825-2900971,绍兴市,23
三亚粤宝汽车销售服务有限公司,0898-88205999,绍兴市,32
邵阳大汉通宝汽车销售服务有限公司,0739-8906666,绍兴市,23
十堰中顺宝汽车销售服务有限公司,0719-8883088,绍兴市,23
上海凡德汽车销售服务有限公司,021-58128666,绍兴市,23
上海绿地宝仕汽车销售服务有限公司,021-55809900,绍兴市,23
苏州宝信汽车销售服务有限公司,0512-65968388,绍兴市,38
上海众国宝泓汽车销售服务有限公司,021-36366666,绍兴市,23
日照宝景汽车销售服务有限公司,0633-2176666,绍兴市,23
张家港龙之宝汽车销售服务有限公司,0512-58799999,绍兴市,23
沈阳运通宸宝汽车销售服务有限公司,024-31039888,绍兴市,23
沈阳中顺盛宝汽车销售服务有限公司,024-25255353,绍兴市,23
上虞金昌宝顺汽车销售服务有限公司,0575-89806888,绍兴市,32
沈阳汇中宝汽车销售服务有限公司,024-56797126,绍兴市,23
诸暨宝顺汽车销售服务有限公司,0575-89701888,绍兴市,23
绍兴泓宝行汽车销售服务有限公司,0575-86560000,莆田市,23
宿州润宝行汽车销售服务有限公司,0557-2623888,莆田市,32
宿迁宝尊汽车销售服务有限公司,0527-88268666,莆田市,23
松原中顺宝汽车销售服务有限公司,0438-2989188,莆田市,23
庆阳金汇宝汽车销售服务有限公司,0931-8323895,莆田市,23
曲靖宝凯汽车销售服务有限公司,0874-3281222,莆田市,23
都匀宝源汽车销售服务有限公司,18984635711,莆田市,23
贵州凯里经济开发区宝源汽车销售服务有限公司,0855-8695111,莆田市,38
黔西南州宝源汽车销售服务有限公司,0859-3813488,莆田市,23
青岛宝景汽车销售服务有限公司,0532-67735333,莆田市,23
青岛大友宝汽车销售服务有限公司,0532-55581111,莆田市,32
青岛德宝佳汽车销售服务有限公司,0532-80935666,莆田市,32
泉州惠宝汽车销售服务有限公司,0595-87128899,莆田市,32
泉州星德宝汽车销售服务有限责任公司,0595-83336666,莆田市,32
清远粤宝汽车销售服务有限公司,0763-3609999,莆田市,32
秦皇岛威宝汽车销售服务有限公司,0335-8529999,莆田市,23
齐齐哈尔中顺宝汽车销售服务有限公司,0452-8888750,莆田市,32
衢州宝驿汽车销售服务有限公司,0570-8079999,莆田市,26
濮阳悦宝行汽车销售服务有限公司,0393-2079888,莆田市,23
莆田宝奇汽车销售服务有限公司,0594-2530888,莆田市,23
南充宝源汽车销售服务有限公司,0817-8112999,兰州市,32
南昌宝顺行汽车销售服务有限公司,0791-83687711,兰州市,32
宁波金昌宝顺汽车销售服务有限公司,0574-88569888,兰州市,23
慈溪宝利丰汽车销售服务有限公司,0574-23886789,兰州市,32
象山泓宝行汽车销售服务有限公司,0574-25756666,兰州市,32
宁波运通宝晟汽车销售服务有限公司,0574-87508888,兰州市,32
宁波宝恒汽车集团有限公司,0574-83032999,兰州市,32
宁波宝诚汽车销售服务有限公司,0574-28886789,兰州市,23
南京宁宝汽车服务有限公司,025-52600123,兰州市,32
南京中升之宝汽车销售服务有限公司,025-52708888,兰州市,32
南昌和诚之宝汽车销售服务有限公司,0791-86837777,兰州市,32
如皋聚宝行汽车销售服务有限公司,0513-87398888,兰州市,23
启东聚宝行汽车销售服务有限公司,0513-83336666,兰州市,23
南通宝诚汽车销售服务有限公司,0513-85331678,兰州市,38
南平信达通宝汽车销售服务有限公司,0599-3526666,兰州市,23
绵阳中达成宝汽车销售服务有限公司,0816-2535555,兰州市,23
绵阳宝仁汽车销售服务有限公司,0816-6859999,兰州市,23
眉山长宝汽车销售服务有限公司,028-38788996,兰州市,32
茂名市宝捷汽车销售服务有限公司,0668-3916666,兰州市,23
兰州宝鑫行汽车销售服务有限公司,0931-7755555,兰州市,38
拉萨万宝行汽车销售服务有限公司,0891-6855111,金华市,32
六盘水宝翔行汽车销售服务有限公司,0858-8167000,金华市,23
柳州市粤宝汽车销售服务有限公司,0772-2825999,金华市,32
洛阳中升汇宝汽车销售服务有限公司,0379-65291999,金华市,32
泸州宝源汽车销售服务有限公司,0830-6118888,金华市,32
聊城乾宝行汽车销售服务有限公司,0635-8876666,金华市,23
娄底力天宝汽车销售服务有限公司,0738-8670888,金华市,23
六安宝源汽车销售服务有限公司,0564-3222345,金华市,23
廊坊燕宝汽车销售服务有限公司,0316-2771888,金华市,38
克拉玛依燕宝汽车销售服务有限公司,0990-6388555,金华市,23
昆明宝瀚汽车销售服务有限公司,0871-68597333,金华市,32
济南宝悦行汽车销售服务有限公司,0531-88355555,金华市,32
荆州恒信宝汽车销售服务有限公司,0716-8807778,金华市,23
荆门宝泽汽车销售服务有限公司,0724-8653123,金华市,23
焦作市东宝行汽车销售服务有限公司,0391-2856777,金华市,23
济宁天泽乾宝行汽车销售服务有限公司,0537-3862888,金华市,23
抚州市宝晋汽车销售服务有限公司,15207042198,金华市,23
义乌信通宝汽车销售服务有限公司,0579-88108888,金华市,32
金华金昌宝顺汽车销售服务有限公司,0579-83015588,金华市,23
东阳市宝利丰汽车销售服务有限公司,0579-89323333,金华市,23
张家港宝景汽车销售服务有限公司,0512-56358888,金华市,23
包头市宝泽汽车销售服务有限公司,0472-6918888,金华市,23
长治宝诚潞府汽车销售服务有限公司,0355-6016789,金华市,23
哈尔滨龙宝汽车销售服务有限公司,0451-87623333,金华市,32
天津市中顺津宝汽车服务有限公司,022-23867777,金华市,32
天津宝信汽车销售服务有限公司,022-58557777,金华市,32
郑州郑德宝汽车销售服务有限公司,0371-65519999,金华市,32
重庆宝渝汽车销售服务（集团）有限公司,023-86786888,金华市,32
云南德凯宝马汽车技术服务有限公司,0871-4183366,金华市,32
珠海宝泽汽车销售服务有限公司,0756-3912888,金华市,23
南昌宝泽汽车销售服务有限公司,0791-2075888,金华市,23
长沙宝悦汽车服务有限公司,0731-89978888,金华市,32
厦门信达通宝汽车销售服务有限公司,0592-3338888,金华市,32
北京宝泽行汽车销售服务有限公司,010-58061666,金华市,23
深圳市宝创汽车贸易有限公司,0755-83290991,金华市,23
江门市合宝汽车销售服务有限公司,0750-3229180,金华市,32
永嘉宝诚汽车销售服务有限公司,0577-21896789,金华市,32
临海宝诚汽车销售服务有限公司,0576-85158091,金华市,23
永康市宝驿汽车销售服务有限公司,0579-81709999,金华市,32
金华骏宝行汽车销售服务有限公司,0579-82680888,金华市,32
芜湖宝利盛汽车销售服务有限公司,0553-5692222,南京市,23
蚌埠宝利丰汽车销售服务有限公司,0552-3097777,南京市,23
溧阳宝尊汽车销售服务有限公司,0519-87335588,南京市,23
常熟宝信汽车销售服务有限公司,0512-52863333,南京市,23
永康泓宝行汽车销售服务有限公司,0579-81799555,南京市,23
温州宝诚汽车销售服务有限公司,0577-27776789,南京市,32
瑞安市宝隆汽车销售服务有限公司,0577-25886666,南京市,23
温州好德宝汽车服务有限公司,0577-55889999,南京市,23
温州市好达机电有限公司,0577-88608880,南京市,32
宁波宝信汽车销售服务有限公司,0574-27903333,南京市,32
杭州宝信汽车销售服务有限公司,0571-22689999,南京市,23
杭州宝荣汽车销售服务有限公司,0571-88801111,南京市,23
太仓宝诚汽车销售服务有限公司,0512-53776789,南京市,32
九江中顺宝汽车销售服务有限公司,0792-2138888,南京市,32
连云港之宝汽车销售服务有限公司,0518-83088888,南京市,38
宜兴宝利丰汽车销售服务有限公司,0510-87910000,南京市,23
昆山骏宝行汽车销售服务有限公司,0512-36638666,南京市,38
绍兴宝晨汽车销售服务有限公司,0575-85687777,南京市,23
台州宝诚汽车销售服务有限公司,0576-88520066,南京市,32
南京宝利丰汽车销售服务有限公司,025-66661090,南京市,23
青岛信宝行汽车销售服务有限公司,0532-89093333,景德镇市,23
成都锦泰宝驹汽车销售服务有限公司,028-85912255,景德镇市,32
洛阳豫德宝汽车销售服务有限公司,0379-65618888,景德镇市,23
宁夏金润宝汽车销售服务有限公司,0951-8868888,景德镇市,23
青海金裕宝汽车销售有限公司,0971-8866888,景德镇市,23
兰州金瑞宝汽车销售服务有限公司,0931-8326666,景德镇市,32
鄂尔多斯市顺宝行汽车销售服务有限公司,0477-8101622,景德镇市,32
太原顺宝行汽车销售服务有限公司,0351-7535533,景德镇市,23
大连中升汇宝汽车销售服务有限公司,0411-39687777,景德镇市,23
长春汇宝汽车销售服务有限公司,0431-89851818,景德镇市,32
青岛中达燕京汽车销售服务有限公司,0532-87633000,景德镇市,23
临汾宝诚汽车销售服务有限公司,0357-2596789,景德镇市,32
济南大友宝汽车销售服务有限公司,0531-88788888,景德镇市,32
锦州华宝汽车销售服务有限公司,0416-3227777,景德镇市,23
上海宝诚中环汽车销售服务有限公司,021-56996789,景德镇市,32
丹东信宝行汽车销售服务有限公司,0415-3817888,景德镇市,32
嘉兴之宝汽车销售服务有限公司,0573-89897888,景德镇市,23
桐乡市宝昌汽车销售服务有限公司,0573-88263999,景德镇市,23
嘉兴骏宝行汽车销售服务有限公司,0573-83971888,景德镇市,32
景德镇美宝行汽车销售服务有限公司,0798-2755222,景德镇市,32
晋城宝利华汽车销售服务有限公司,0356-2281777,成都市,26
汉中恒信宝汽车销售服务有限公司,0916-8859111,成都市,23
杭州骏宝行汽车销售服务有限公司,0571-28028000,成都市,35
雅安裕孚宝汽车销售服务有限公司,0835-2610732,成都市,23
合肥中升之宝汽车销售服务有限公司,0551-67107777,成都市,23
怀化宝利汽车销售服务有限公司,0745-2362666,成都市,32
湖州骏宝行汽车销售服务有限公司,0572-2728888,成都市,32
衡阳市美宝行汽车销售服务有限公司,0734-2828777  ,成都市,32
湖州康桥宝盈汽车销售服务有限公司,0572-8292999,成都市,32
黄石宝汇汽车销售服务有限公司,0714-6260999,成都市,23
黄冈宝鑫行汽车销售服务有限公司,0713-8891777,成都市,32
哈尔滨中宝汽车销售服务有限公司,0451-87506888,成都市,32
河源市宝星汽车销售服务有限公司,0762-8923333,成都市,32
哈尔滨中顺滨宝汽车销售服务有限公司,0451-85996707,成都市,32
黄山宝景汽车销售服务有限公司,0559-2597111,成都市,38
淮南宝之佳汽车销售服务有限公司,0554-5398888,成都市,23
淮北易至宝汽车销售服务有限公司,0554-5398888,成都市,32
淮安润宝行汽车销售服务有限公司,0517-80856888,成都市,38
成都长征长宝汽车销售服务有限公司,028-66669988,成都市,32
成都祺宝汽车销售服务有限公司,028-81726666,成都市,32
成都新宝汽车销售服务有限公司,028-66580000,长沙市,32
成都中宝汽车销售服务有限公司,028-85009999,长沙市,32
成都宝源汽车销售服务有限公司,028-86787777,长沙市,32
佛山通宝汽车销售服务有限公司禅城分公司,0757-82709666,长沙市,23
东莞市合宝汽车销售服务有限公司,0769-22851228,长沙市,32
重庆市万州区宝渝汽车销售服务有限公司,023-58885666,长沙市,32
重庆宝创汽车销售服务有限公司,023-65003333,长沙市,32
重庆市庆德宝汽车销售服务有限公司,023-62625555,长沙市,23
福州新盈宝汽车服务有限公司,0591-38056666,长沙市,23
重庆运通欣宝汽车销售服务有限公司,023-62599977,长沙市,23
福建星德宝汽车销售服务有限公司,0591-22978833,长沙市,23
福建中升汇宝汽车销售服务有限公司,0591-38707777,长沙市,23
贵阳宝源汽车销售服务有限公司乌当分公司,0851-86860111,长沙市,32
贵阳瀚羿睿宝汽车销售服务有限公司,0851-88579666,长沙市,23
大连驰宝汽车销售服务有限公司,0411-87967777,长沙市,32
赣州市宝晋汽车销售服务有限公司,0797-6583333,长沙市,32
衡水威宝汽车销售服务有限公司,0318-5156666,长沙市,23
桂林市粤宝汽车销售服务有限公司,0773-2667999,长沙市,32
葫芦岛华宝汽车销售服务有限公司,0429-3552088,长沙市,23
浏阳美宝行汽车销售服务有限公司,0731-83220777,长沙市,23
恩施顺德宝汽车销售服务有限公司,0718-3011777,亳州市,23
德州圣宝汽车销售服务有限公司,0534-8018970,亳州市,32
抚顺汇之宝汽车销售服务有限公司,024-56590538,亳州市,23
阜阳众国宝祥汽车销售服务有限公司,0558-3155555,亳州市,23
阜新汇丰宝汽车销售服务有限公司,0418-6013333,亳州市,23
广安市宗申宝泰汽车销售服务有限公司,0826-2100888,亳州市,23
大理宝远汽车销售服务有限公司,0872-2491111,亳州市,35
德阳长宝汽车销售服务有限公司,0838-2605555,亳州市,23
自贡长宝汽车销售服务有限公司,0813-3320000,亳州市,32
常德市美宝行汽车销售服务有限公司,0736-2987777  ,亳州市,32
池州宝景汽车销售服务有限公司,0566-2310227,亳州市,23
滁州宝景汽车销售服务有限公司,0550-3016999,亳州市,23
长春通立冠宝汽车销售服务有限公司,0431-81113333,亳州市,23
朝阳汇华宝汽车销售服务有限公司,0421-3882228,亳州市,23
承德美宝行汽车销售服务有限公司,0314-5916661,亳州市,23
库尔勒万宝行汽车销售服务有限公司,0996-2698888,亳州市,23
宝鸡燕德宝汽车销售服务有限公司,0917-6778888,亳州市,23
毕节佰润黔之宝汽车销售服务有限公司,0857-8239888,亳州市,23
巴中兴孚宝汽车销售服务有限公司,0827-5588000,亳州市,32
亳州众国宝祥汽车销售服务有限公司,0558-3313333,亳州市,23
本溪汇盛宝汽车销售服务有限公司,0414-4634777,北京市,32
保定东澜誉宝汽车销售服务有限公司,0312-5048888,北京市,32
北京博得宝汽车销售服务有限公司,010-85558888,北京市,23
北京宝诚百旺汽车销售服务有限公司,62826789,北京市,23
北京汇宝行汽车销售服务有限公司,010-59943555,北京市,23
北京燕德宝汽车销售有限公司,010-67821666,北京市,23
石家庄市诚宝行汽车销售服务有限公司,0311-66105111,北京市,32
上海宝信行汽车销售服务有限公司,021-66117555,北京市,23
南宁市粤宝汽车销售服务有限公司第一分公司,0771-3161888,北京市,32
南宁宝远汽车销售服务有限公司,0771-3389699,北京市,32
上海祺宝汽车销售服务有限公司,021-69502666,北京市,23
深圳市宝创汽车贸易有限公司宝安分公司,0755-29985080,北京市,32
攀枝花恒孚宝汽车销售服务有限公司,0812-6868966,北京市,23
广州美宝行汽车销售服务有限公司,020-32163523,北京市,32
广州市广德宝汽车销售服务有限公司,020-28087777,北京市,32
上海上德宝骏汽车销售服务有限公司,021-60659999,北京市,32
上海宝诚申江汽车销售服务有限公司,021-31066789,北京市,23
北京运通嘉宝汽车销售服务有限公司,010-61447777,北京市,23
平阳力宝行汽车销售服务有限公司,0577-63739978,北京市,23
北京正通宝泽行汽车销售有限公司,010-80556366,北京市,32
北京星德宝汽车销售服务有限公司,010-85823333,安庆市,23
北京运通兴宝汽车销售服务有限公司,010-69286777,安庆市,23
北京宝信行汽车销售服务有限公司,010-84323333,安庆市,23
广州壕车汽车销售服务有限公司,020-88826677,安庆市,54
广东粤宝汽车销售服务有限公司第三分公司,020-66820999,安庆市,32
广州宝升行汽车销售服务有限公司,020-32030888,安庆市,23
常熟龙之宝汽车销售服务有限公司,0512-52608888,安庆市,23
菏泽乾宝汽车销售服务有限公司,0530-6331777,安庆市,32
玉溪宝远汽车销售服务有限公司,0877-8895666,安庆市,23
西安中宝汽车销售服务有限公司,029-89057777,安庆市,23
临沂宝景汽车销售服务有限公司,0539-7973999,安庆市,23
达州宝远汽车销售服务有限公司,0818-3588888,安庆市,23
苏州市宝景汽车销售服务有限公司,0512-62111111,安庆市,23
长沙力天宝汽车销售服务有限公司,0731-88661888,安庆市,23
沈阳市宝晋汽车销售服务有限公司,024-62835555,安庆市,32
长春中顺宝汽车销售服务有限公司,0431-85973999,安庆市,32
贵阳宝翔行汽车销售服务有限公司,0851-83652111,安庆市,23
酒泉金驰宝汽车销售服务有限公司,0937-2826666,安庆市,23
芜湖众国宝泓汽车销售服务有限公司,0553-5113000,安庆市,23
安庆星之宝汽车销售服务有限公司,0556-8889888,安庆市,23
无锡信宝行汽车销售服务有限公司,0510-66923888,常州市,32
佛山市顺德合宝汽车销售服务有限公司,0757-29826818,常州市,32
东莞宝信汽车销售服务有限公司,0769-82968888  ,常州市,32
北京博瑞宝汽车销售服务有限公司,010-87839999,常州市,32
南京协众麒宝汽车销售服务有限公司,025-87158888 ,常州市,32
深圳市宝晋汽车销售服务有限公司,0755-33281330,常州市,23
资阳锦孚宝汽车销售服务有限公司,028-26561177,常州市,23
深圳市龙岗宝诚汽车服务中心,0755-28247686,常州市,34
杭州金昌辰宝汽车销售服务有限公司,0571-89971111,常州市,23
东莞市庆丰宝昌汽车销售服务有限公司,0769-88629999,常州市,23
深圳南方宝诚汽车销售服务有限公司,0755-86868688,常州市,32
深圳宝泽汽车销售服务有限公司,0755-25270100,常州市,32
廊坊市冠宝行汽车销售服务有限公司,0316-5172277,常州市,23
呼伦贝尔威宝汽车销售服务有限公司,0470-8986688,常州市,23
合肥众国宝之祥汽车销售服务有限公司,0551-85218888,常州市,32
随州恒信之宝汽车销售服务有限公司,0722-3807888,常州市,32
中山市合宝汽车销售服务有限公司,0760-88861888,常州市,32
邯郸市宝和汽车销售服务有限公司,0310-3159999,常州市,32
南宁中达桂宝汽车服务有限公司,0771-4887038,常州市,32
常州金坛宝尊汽车销售服务有限公司,0519-82685050,常州市,32
宁波轿辰宝晨汽车销售服务有限公司,0574-86192999,重庆市,23
广州市昌宝汽车销售服务有限公司,020-37197888,重庆市,32
广州粤之宝汽车销售服务有限公司,020-66826999,重庆市,32
保山宝远汽车销售服务有限公司,0875-8886000,重庆市,32
许昌宝莲沅汽车销售服务有限公司,03748021111,重庆市,23
佛山市|宝汽车销售服务有限公司,0757-86300999,重庆市,23
杭州运通祥宝汽车销售服务有限公司,0571-28076666,重庆市,32
杭州宝驿汽车销售服务有限公司,0571-26278777,重庆市,23
杭州富阳宝信汽车销售服务有限公司,0571-61799888,重庆市,23
福清信达通宝汽车销售服务有限公司,0591-38533333,重庆市,23
中山市宝宁汽车销售服务有限公司,0760-22288880,重庆市,23
惠州中升之宝汽车销售服务有限公司,0752-2063088,重庆市,23
长沙中升之宝汽车销售服务有限公司,0731-88738666,重庆市,32
沧州轩之宝汽车销售服务有限公司,0317-7586000,重庆市,23
长沙宝诚汽车销售服务有限公司,0731-86189999,重庆市,32
合肥尚程汽车销售有限公司,055163364412,重庆市,51
丹阳宝德汽车销售服务有限公司,0511-86990123,重庆市,32
湛江星之宝汽车销售服务有限公司,0759-2701188,重庆市,32
泰州信宝行汽车销售服务有限公司,0523-86083333,重庆市,32
重庆宝盛汽车销售服务有限公司,023-68622211,重庆市,23
杭州金昌宝顺汽车销售服务有限公司,0571-23668888,乌鲁木齐市,9
浙江金湖机电有限公司,0571-88120000,乌鲁木齐市,23
揭阳宝泰行汽车销售服务有限公司,0663-3352299,乌鲁木齐市,32
梅州中宝汽车销售服务有限公司,0753-8662666,乌鲁木齐市,23
合肥市宝之佳汽车销售服务有限公司,0551-66181111,乌鲁木齐市,23
枣庄宝景汽车销售服务有限公司,0632-8267788,乌鲁木齐市,23
武汉中达江宝汽车销售服务有限公司,027-59239999,乌鲁木齐市,23
南京宝景汽车销售服务有限公司,025-58550266,乌鲁木齐市,32
宁波市宝昌汽车销售服务有限公司,0574-83029999,乌鲁木齐市,23
南宁市粤宝汽车销售服务有限公司,0771-3161999,乌鲁木齐市,32
深圳市驰宝汽车销售服务有限公司,0755-33379999,乌鲁木齐市,32
深圳中升汇宝汽车销售服务有限公司,0755-33299399,乌鲁木齐市,23
东莞市骅宝汽车销售服务有限公司,0769-89980081,乌鲁木齐市,32
佛山鼎宝行汽车销售服务有限公司,0757-22383666,乌鲁木齐市,23
四川中达成宝汽车销售有限公司,028-83519767,乌鲁木齐市,23
襄阳宝泽汽车销售服务有限公司,0710-2177780,乌鲁木齐市,32
惠州市合宝汽车销售服务有限公司,0752-2260222,乌鲁木齐市,32
无锡宝诚汽车销售服务有限公司,0510-88772999,乌鲁木齐市,32
深圳宝源行汽车销售服务有限公司,0755-82752222,乌鲁木齐市,23
乌鲁木齐燕德宝汽车销售服务有限公司,0991-3380999,乌鲁木齐市,32
武汉鄂宝汽车销售服务有限公司,027-61889188,佳木斯市,32
云浮粤宝汽车销售服务有限公司,0766-8915666,佳木斯市,23
昆明宝远汽车销售服务有限公司,0871-65225026,佳木斯市,23
苍南宝隆汽车销售服务有限公司,0577-26856666,佳木斯市,23
济南万宝行汽车销售服务有限公司,0531-87508588,佳木斯市,32
苏州宝华汽车销售服务有限公司,0512-66619888,佳木斯市,23
南阳恒信宝汽车销售服务有限公司,0377-63115555,佳木斯市,32
上海宝信汽车销售服务有限公司,021-34315555,佳木斯市,32
新乡和德宝汽车销售服务有限公司,0373-5211111,佳木斯市,32
扬州宝华汽车销售服务有限公司,0514-86100888,佳木斯市,23
商丘商德宝汽车销售服务有限公司,0370-6998555,佳木斯市,32
重庆市宝驯汽车销售服务有限公司,023-88669888,佳木斯市,32
台州好德宝汽车服务有限公司,0576-82600000,佳木斯市,23
三明信达通宝汽车销售服务有限公司,0598-8391111,佳木斯市,23
安阳安德宝汽车销售服务有限公司,0372-5027251,佳木斯市,32
北京市华德宝汽车销售服务有限公司,010-85739999,佳木斯市,23
巩义市义德宝汽车销售服务有限公司,0371-53653333,佳木斯市,32
呼和浩特市顺宝行汽车销售服务有限公司,0471-3970888,佳木斯市,32
上海宝景星诚汽车销售服务有限公司,021-57775519,佳木斯市,32
佳木斯中宝汽车销售服务有限公司,0454-8248666,佳木斯市,23
上海宝景汽车销售服务有限公司,021-31837658,南京市,32
余姚宝恒汽车销售服务有限公司,0574-22670000,南京市,23
义乌泓宝行汽车销售服务有限公司,0579-85668888,南京市,23
温州力宝行汽车销售服务有限公司,0577-27799999,南京市,23
宁海宝信汽车销售服务有限公司,0574-25597777,南京市,32
丽水宝顺行汽车销售服务有限公司青田分公司,0578-6609999,南京市,23
杭州和诚之宝汽车销售服务有限公司,0571-85288888,南京市,32
杭州萧山时代骏宝行汽车销售服务有限公司,0571-22818888,南京市,23
天津运通隆宝汽车销售服务有限公司,022-87028869,南京市,23
乐山长宝汽车销售服务有限公司,0833-2402666,南京市,23
晋中驰宝汽车销售服务有限公司,0354-3960999,南京市,23
泰安广宝汽车销售服务有限公司,0538-5077999,南京市,32
济宁中达任宝汽车销售服务有限公司,4006053712,南京市,26
东营宜宝轩汽车销售服务有限公司,0546-8181188,南京市,23
赤峰宝翔行汽车销售服务有限公司,0476-8252211,南京市,23
沈阳业乔信宝汽车销售服务有限公司,024-62351111,南京市,32
上饶市宝泽汽车销售服务有限公司,0793-6099999,南京市,32
扬州信宝行汽车销售服务有限公司,0514-85027777,南京市,32
海门宝致行汽车销售服务有限公司,0513-82871111,南京市,32
南京万宝行汽车销售服务有限公司,025-85355666,南京市,23
昆山宝诚汽车销售服务有限公司,0512-50356789,泉州市,32
江阴宝诚汽车销售服务有限公司,0510-80111678,泉州市,23
常州常宝汽车销售服务有限公司,0519-89985588,泉州市,23
湘潭宝泽汽车销售服务有限公司,0731-52827777,泉州市,23
武汉恒信悦宝汽车销售服务有限公司,18062011505,泉州市,23
平顶山宝莲升汽车销售服务有限公司,0375-7361111,泉州市,23
南阳宛德宝汽车销售服务有限公司,0377-66189999,泉州市,23
大庆市中顺宝汽车销售服务有限公司,0459-6227777,泉州市,32
沧州市浩宝汽车销售服务有限公司,0317-3170000,泉州市,23
海南宝翔行汽车销售服务有限公司,0898-60870000,泉州市,32
广州宝悦汽车贸易有限公司第一分公司,020-82168668,泉州市,23
深圳市创丰宝汽车销售服务有限公司,0755-33319999,泉州市,23
红河中顺宝汽车销售服务有限公司,0873-8876688,泉州市,32
深圳华顺宝汽车服务有限公司,0755-22238820/22238811,泉州市,23
汕头市宝悦汽车贸易有限公司,0754-88482323,泉州市,23
珠海中升之宝汽车销售服务有限公司,0756-8677717,泉州市,23
佛山通宝汽车销售服务有限公司,0757-81196666,泉州市,32
东莞市顺宝汽车销售服务有限公司,0769-88952888,泉州市,23
潮州市合宝汽车销售服务有限公司,0768-2999888,泉州市,32
泉州晋宝汽车销售服务有限公司,0595-28080066,泉州市,32
宁德中宝汽车销售服务有限公司,0593-7168777,龙岩市,32
重庆通源宝源汽车销售服务有限公司,023-88566688,龙岩市,23
北京骏宝行汽车销售服务有限公司,010-68866777,龙岩市,23
马鞍山市宝景汽车销售服务有限公司,0555-3115555,龙岩市,23
上海宝尊汽车服务有限公司,021-55888555,龙岩市,14
南通润宝行汽车销售服务有限公司,0513-85983888,龙岩市,32
淮安宝景汽车销售服务有限公司,0517-89860533,龙岩市,32
福建中升之宝汽车销售服务有限公司,0591-88267777,龙岩市,32
吉林鑫汇宝汽车销售服务有限公司,0432-62288866,龙岩市,23
通辽宝翔行汽车销售服务有限公司,04756111888,龙岩市,32
赣州宝泽汽车销售服务有限公司,0797-8336699,龙岩市,32
镇江宝德汽车服务有限公司,0511-88890123,龙岩市,32
昆明宝创汽车销售服务有限公司,0871-64640888,龙岩市,32
台州力宝行汽车销售服务有限公司,0576-89667666,龙岩市,32
鞍山华宝汽车销售服务有限公司,0412-8838888,龙岩市,23
大连中升之宝汽车销售服务有限公司,0411-39767777,龙岩市,32
株洲市美宝行汽车销售服务有限公司,0731-22220000,龙岩市,23
漳州中宝汽车销售有限公司,0596-2588999,龙岩市,23
湖州宝景汽车销售服务有限公司,0572-2598777,龙岩市,38
龙岩中宝汽车有限公司,0597-2650888,龙岩市,32
北海粤宝汽车销售服务有限公司,0779-3883666,北京市,32
唐山中升之宝汽车销售服务有限公司,0315-2599888,北京市,32
南昌万宝行汽车销售服务有限公司,0791-82139999,北京市,23
嘉兴宝华汽车销售服务有限公司,0573-87255888,北京市,32
保定轩之宝汽车销售服务有限公司,0312-3325555,北京市,23
开封汴德宝汽车销售服务有限公司,0371-23333678,北京市,32
苏州信宝行汽车销售服务有限公司,0512-66561333,北京市,23
安溪金宝汽车销售服务有限公司,0595-23368899,北京市,32
吴江宝致汽车销售服务有限公司,0512-63647777,北京市,32
肇庆市宝庆行汽车销售服务有限公司,0758-2181111,北京市,32
武汉宝泽汽车销售服务有限公司,027-59201111,北京市,32
义乌市信宝行汽车销售服务有限公司,0579-85113333,北京市,23
石家庄宝翔行汽车销售服务有限公司,0311-83832000,北京市,32
太原宝诚汽车销售服务有限公司,0351-7826789,北京市,26
唐山中宝汽车销售服务有限公司,0315-5509999,北京市,23
天津天宝汽车销售服务有限公司,022-88277777,北京市,32
淄博圣宝汽车销售服务有限公司,0533-3571333,北京市,32
上海宝诚汽车销售服务有限公司,021-58966789,北京市,32
广州宝泽汽车销售服务有限公司,020-81899999,北京市,32
北京盈之宝汽车销售服务有限公司,010-64988880,北京市,23
上海德宝汽车服务有限公司,021-52275588,常州市,23
西安中升汇宝汽车销售服务有限公司,029-68229999,常州市,23
河南中德宝汽车销售服务有限公司,0371-66520000,常州市,32
合肥宝利丰汽车销售服务有限公司,0551-63419191,常州市,23
福州中宝汽车销售服务有限公司,0591-83408833,常州市,32
泉州福宝汽车销售服务有限公司,0595-28888300,常州市,32
厦门锦宝汽车销售服务有限公司,0592-3108888,常州市,32
东莞市宏宝汽车销售服务有限公司,0769-81106988,常州市,23
佛山宝运行汽车销售服务有限公司,0757-22383666,常州市,23
广东粤宝汽车销售服务有限公司,4006020673,常州市,32
广州宝悦汽车贸易有限公司,020-38879999 ,常州市,32
中山市宝星汽车销售服务有限公司,0760-87887888,常州市,32
贵阳宝源汽车销售服务有限公司,0851-7986111,常州市,32
海南宝悦汽车销售服务有限公司,0898-68656666,常州市,32
石家庄宝和汽车销售服务有限公司,0311-85663000,常州市,32
宜昌宝泽汽车销售服务有限公司,0717-6900777,常州市,32
长沙瑞宝汽车销售服务有限公司,0731-82920222,常州市,32
郴州瑞宝汽车销售服务有限公司,0745-2362666,常州市,32
长春宝兴行汽车销售服务有限公司,0431-84650015,常州市,32
常州宝尊汽车销售服务有限公司,0519-81188561,常州市,23
